[{"@type":"mtTask","id":"@1","name":"mt_04621797","description":"","runtimeEnvironmentId":"@a97sDzUiYXcfGEIv78pWE4","maxLogs":10,"verbose":false,"mappingId":"@1kgfVkj8f32dsDwtUvJsQb","frsGuid":"1vYhuyuhkGbhmVedTQGKIE","shortDescription":"","sessionPropertiesList":[{"name":"Allow Temporary Sequence for Pushdown","value":"NO","recommended":false},{"name":"Allow Temporary View for Pushdown","value":"NO","recommended":false},{"name":"Pushdown Optimization","value":"None","recommended":false},{"name":"Pushdown Optimization Context","value":"None","recommended":false},{"name":"Pushdown Optimization Fallback Option","value":"Partial PDO","recommended":false}],"enableCrossSchemaPushdown":true,"enableParallelRun":false,"autoTunedApplied":false,"autoTunedAppliedType":"NONE","paramFileType":"PARAM_FILE_LOCAL","schemaMode":"async","valid":true,"schemaValidationErrorCount":-1,"parameterFileEncoding":"UTF-8","serverlessProperties":{},"taskProperties":[{"@type":"taskProperty","name":"parameterFileDir","currentValue":"","type":"STRING","label":"label.parameterFileDir","required":false},{"@type":"taskProperty","name":"parameterFileName","currentValue":"","type":"STRING","label":"label.parameterFileName","required":false}],"parameters":[{"@type":"mtTaskParameter","id":885457341,"name":"$Source$","type":"EXTENDED_SOURCE","label":"Src_Con","description":"","uiProperties":{"cnxtype":"SqlServer","connectionParameterized":"true","paramName":"Src_Con","paramLabel":"","paramType-mapping":"Connection","logcnx":"Src_Con","isSelectDistinct":"false","isMsrcFilterParameterized":"false","isMsrcSortParameterized":"false","objlabel":"Src_Obj","origobjlabel":"","objectParameterized":"true","objDesc":"","objectParamName":"Src_Obj","objectParamType-mapping":"DataObject","originalPath":"Source"},"sourceConnectionId":"@6TmAW3hookxlQGIxvuAYSm","newFlatFile":false,"newObject":false,"showBusinessNames":true,"naturalOrder":true,"truncateTarget":false,"bulkApiDBTarget":false,"customFuncCfg":{"@type":"customFuncConfig","id":-1,"connections":[],"inputMap":[],"outputFields":[]},"targetRefsV2":{},"targetUpdateColumns":[],"extendedObject":{"@type":"extendedObject","object":{"@type":"mObject","name":"DT","label":"DT","metadataUpdated":false,"relations":[],"children":[]},"singleMode":true,"objects":[{"@type":"mObject","name":"DT","label":"DT","metadataUpdated":false,"relations":[],"children":[]}],"filters":[],"sortFields":[]},"runtimeAttrs":{"Sql Override":"select DT.ID,DT.name from c04325320_1.DT"},"isRESTModernSource":true,"isFileList":false,"handleSpecialChars":false,"handleDecimalRoundOff":false,"frsAsset":false,"dynamicFileName":false,"excludeDynamicFileNameField":false,"currentlyProcessedFileName":false,"retainFieldMetadata":false,"useExactSrcNames":false,"tgtObjectAttributes":{},"runtimeParameterData":{"@type":"mtTaskRuntimeParameterData","isConnectionRuntimeParameter":true,"isObjectRuntimeParameter":true,"connectionParameterName":"Src_Con","objectParameterName":"Src_Obj","objectDefaultValue":"DT"},"overridableProperties":[],"overriddenFields":[]},{"@type":"mtTaskParameter","id":885457342,"name":"$Target$","type":"TARGET","label":"Tgt_con","description":"","uiProperties":{"cnxtype":"SqlServer","connectionParameterized":"true","paramName":"Tgt_con","paramLabel":"","paramType-mapping":"Connection","logcnx":"Tgt_con","objlabel":"Tgt_Obj","origobjlabel":"","objectParameterized":"true","objDesc":"","objectParamName":"Tgt_Obj","objectParamType-mapping":"DataObject","defaultTargetUpdateColumns":"","noCreateTarget":"true","supportApplyDDLChanges":"false","originalPath":"Target"},"targetConnectionId":"@6TmAW3hookxlQGIxvuAYSm","targetObject":"DT_T","targetObjectLabel":"DT_T","newFlatFile":false,"newObject":false,"showBusinessNames":true,"naturalOrder":true,"truncateTarget":false,"bulkApiDBTarget":false,"operationType":"Insert","customFuncCfg":{"@type":"customFuncConfig","id":-1,"connections":[],"inputMap":[],"outputFields":[]},"targetRefsV2":{},"targetUpdateColumns":[],"extendedObject":{"@type":"extendedObject","singleMode":true,"filters":[],"sortFields":[]},"runtimeAttrs":{},"isRESTModernSource":true,"isFileList":false,"handleSpecialChars":false,"handleDecimalRoundOff":false,"frsAsset":false,"dynamicFileName":false,"excludeDynamicFileNameField":false,"currentlyProcessedFileName":false,"retainFieldMetadata":false,"objectName":"DT_T","objectLabel":"DT_T","useExactSrcNames":false,"tgtObjectAttributes":{},"runtimeParameterData":{"@type":"mtTaskRuntimeParameterData","isConnectionRuntimeParameter":true,"isObjectRuntimeParameter":true,"connectionParameterName":"Tgt_con","objectParameterName":"Tgt_Obj","objectDefaultValue":"DT_T"},"overridableProperties":[],"overriddenFields":[]}],"sequences":[],"inOutParameters":[],"connRuntimeAttrs":[]}]